{"cameraMode":{"drawMode":0,"name":"Shaded","section":"Shading Mode"},"sceneLighting":false,"audioPlay":false,"sceneViewState":{"m_AlwaysRefresh":false,"showFog":false,"showSkybox":false,"showFlares":false,"showImageEffects":false,"showParticleSystems":false,"showVisualEffectGraphs":true,"m_FxEnabled":true},"in2DMode":false,"pivot":{"x":0.0029030442237854006,"y":1.2166718244552613,"z":-0.38071322441101076},"rotation":{"x":0.1993073970079422,"y":-0.4971197843551636,"z":0.11849615722894669,"w":0.8361363410949707},"size":1.6989521980285645,"orthographic":false}