{"cameraMode":{"drawMode":0,"name":"Shaded","section":"Shading Mode"},"sceneLighting":false,"audioPlay":false,"sceneViewState":{"m_AlwaysRefresh":false,"showFog":true,"showSkybox":false,"showFlares":true,"showImageEffects":true,"showParticleSystems":true,"showVisualEffectGraphs":true,"m_FxEnabled":true},"in2DMode":false,"pivot":{"x":-1.7521793842315674,"y":6.142519474029541,"z":-12.962944030761719},"rotation":{"x":0.24687893688678742,"y":-0.11883317679166794,"z":0.03052009642124176,"w":0.961249053478241},"size":22.717763900756837,"orthographic":true}